,R,G,B,L,A,B,R/G,R/B,Y,Cr,Cb,H,S,V,pat
0,240.6530612244898,118.40816326530613,198.3673469387755,161.0408163265306,169.9591836734694,198.3673469387755,0,0,141.6122448979592,198.53061224489795,49.0,14.673469387755102,253.3469387755102,240.6530612244898,1
1,232.73469387755102,109.06122448979592,196.20408163265307,153.46938775510205,171.51020408163265,196.20408163265307,0,0,133.6122448979592,198.73469387755102,52.714285714285715,13.979591836734693,254.79591836734693,232.73469387755102,1
2,241.6122448979592,105.83673469387755,197.30612244897958,155.46938775510205,176.28571428571428,197.30612244897958,0,0,134.42857142857142,204.40816326530611,52.61224489795919,13.040816326530612,254.08163265306123,241.6122448979592,1
3,245.57142857142858,109.55102040816327,198.71428571428572,159.48979591836735,175.51020408163265,198.71428571428572,0,0,137.79591836734693,204.87755102040816,50.44897959183673,13.244897959183673,254.57142857142858,245.57142857142858,1
4,235.89795918367346,107.34693877551021,194.77551020408163,154.18367346938774,173.3673469387755,194.77551020408163,0,0,134.6326530612245,200.18367346938774,57.63265306122449,12.877551020408163,244.3877551020408,235.89795918367346,1
5,231.20408163265307,116.65306122448979,191.26530612244898,156.91836734693877,167.42857142857142,191.26530612244898,0,0,140.6326530612245,192.55102040816325,63.83673469387755,13.204081632653061,225.46938775510205,231.20408163265307,1
6,243.30612244897958,126.9795918367347,199.77551020408163,166.3673469387755,166.73469387755102,199.77551020408163,0,0,147.3877551020408,196.44897959183675,45.51020408163265,15.63265306122449,253.73469387755102,243.30612244897958,1
